('ENSG00000001629', 'ENSG00000140718')	0.8865025855745146	1
('ENSG00000001629', 'ENSG00000110075')	0.8859187072776206	1
('ENSG00000002016', 'ENSG00000179532')	0.8767824322424036	1
('ENSG00000004534', 'ENSG00000115464')	0.8756452853581382	0
('ENSG00000001629', 'ENSG00000077254')	0.8738539273380903	1
('ENSG00000001629', 'ENSG00000036549')	0.8735934333749895	1
('ENSG00000001629', 'ENSG00000197323')	0.8730042099491964	1
('ENSG00000001629', 'ENSG00000122741')	0.8718465690026821	1
('ENSG00000001629', 'ENSG00000138081')	0.8672994760131454	1
('ENSG00000001629', 'ENSG00000186153')	0.867251439138948	1
('ENSG00000001629', 'ENSG00000082701')	0.8622525770496341	1
('ENSG00000001629', 'ENSG00000134852')	0.8621374117179775	1
('ENSG00000001629', 'ENSG00000137075')	0.8603329813861226	1
('ENSG00000001629', 'ENSG00000140386')	0.8592448457899263	0
('ENSG00000005339', 'ENSG00000115464')	0.8588519610196003	1
('ENSG00000004766', 'ENSG00000118961')	0.8582842665190767	0
('ENSG00000002016', 'ENSG00000112425')	0.855872899597547	1
('ENSG00000001629', 'ENSG00000101752')	0.853602469121611	1
('ENSG00000001629', 'ENSG00000133103')	0.8516619989085368	0
('ENSG00000002016', 'ENSG00000182185')	0.8515619327515391	1
('ENSG00000002016', 'ENSG00000196357')	0.8514180160723265	1
('ENSG00000001629', 'ENSG00000139746')	0.8509653747048777	0
('ENSG00000002016', 'ENSG00000141084')	0.8503969740679127	1
('ENSG00000008869', 'ENSG00000141084')	0.8495352731702047	0
('ENSG00000002016', 'ENSG00000118420')	0.8484687612744656	0
('ENSG00000001629', 'ENSG00000142687')	0.8479505971154121	0
('ENSG00000004766', 'ENSG00000182185')	0.8471100163389504	0
('ENSG00000001629', 'ENSG00000156931')	0.846856194353578	0
('ENSG00000002016', 'ENSG00000118961')	0.8459478876101434	0
('ENSG00000001629', 'ENSG00000115464')	0.8455506738673948	1
('ENSG00000001629', 'ENSG00000118420')	0.84301464844013	1
('ENSG00000001629', 'ENSG00000010017')	0.8408575726101194	1
('ENSG00000002016', 'ENSG00000152683')	0.8403423233885949	0
('ENSG00000004534', 'ENSG00000147905')	0.8364249288232879	1
('ENSG00000004864', 'ENSG00000182185')	0.8360423161540355	1
('ENSG00000002016', 'ENSG00000196663')	0.835258204554444	0
('ENSG00000003393', 'ENSG00000196663')	0.8351318358339902	1
('ENSG00000007168', 'ENSG00000115464')	0.8350802407888703	1
('ENSG00000001629', 'ENSG00000165322')	0.8349588262454739	0
('ENSG00000002016', 'ENSG00000111785')	0.8340904264540726	1
('ENSG00000001629', 'ENSG00000153827')	0.8335114292957345	1
('ENSG00000005436', 'ENSG00000039123')	0.8324380314748004	1
('ENSG00000001629', 'ENSG00000153339')	0.8319070935286196	0
('ENSG00000001629', 'ENSG00000111785')	0.8307047506729373	0
('ENSG00000004766', 'ENSG00000141084')	0.830672517425466	0
('ENSG00000002016', 'ENSG00000101464')	0.8305490676961279	1
('ENSG00000007923', 'ENSG00000141084')	0.8300355863196799	1
('ENSG00000004766', 'ENSG00000039123')	0.8281239374665114	0
('ENSG00000005436', 'ENSG00000118961')	0.8275495210925553	0
('ENSG00000001629', 'ENSG00000158019')	0.8269026687231166	1
('ENSG00000007341', 'ENSG00000100601')	0.8244328734779922	1
('ENSG00000007047', 'ENSG00000141084')	0.8235914903045355	1
('ENSG00000005700', 'ENSG00000165322')	0.8233863340016648	1
('ENSG00000002016', 'ENSG00000136828')	0.8230755699661383	1
('ENSG00000007923', 'ENSG00000100601')	0.8218932145315441	1
('ENSG00000001629', 'ENSG00000136828')	0.8203966916585653	0
('ENSG00000004766', 'ENSG00000165322')	0.8198299476622509	0
('ENSG00000002016', 'ENSG00000196151')	0.8197991114290399	0
('ENSG00000006607', 'ENSG00000141084')	0.8191282045636057	1
('ENSG00000007341', 'ENSG00000039123')	0.8184684424625049	0
('ENSG00000001629', 'ENSG00000182185')	0.8183390823432012	1
('ENSG00000004864', 'ENSG00000165322')	0.8180700692582623	0
('ENSG00000001629', 'ENSG00000090989')	0.8175786693856729	1
('ENSG00000005436', 'ENSG00000182185')	0.8173891573597548	1
('ENSG00000008869', 'ENSG00000039123')	0.8170689234556792	0
('ENSG00000004864', 'ENSG00000072415')	0.8162093725526292	0
('ENSG00000009335', 'ENSG00000115464')	0.8161898811623048	1
('ENSG00000001629', 'ENSG00000138078')	0.8156940427881841	1
('ENSG00000001629', 'ENSG00000101040')	0.8152607946401972	1
('ENSG00000007341', 'ENSG00000141084')	0.8152203714269524	0
('ENSG00000009335', 'ENSG00000141084')	0.8150315145427515	0
('ENSG00000002016', 'ENSG00000100601')	0.8148329245749775	1
('ENSG00000001629', 'ENSG00000153558')	0.8139100072931749	1
('ENSG00000001629', 'ENSG00000183495')	0.8135473976305506	1
('ENSG00000005436', 'ENSG00000100601')	0.8125654243973002	1
('ENSG00000001629', 'ENSG00000116641')	0.8122176556128369	1
('ENSG00000001629', 'ENSG00000151322')	0.811926044322431	1
('ENSG00000001629', 'ENSG00000138468')	0.8117013218862431	1
('ENSG00000001629', 'ENSG00000105662')	0.8116748877154554	1
('ENSG00000001629', 'ENSG00000076685')	0.8116683518200226	1
('ENSG00000005436', 'ENSG00000141084')	0.8108145730323653	1
('ENSG00000003393', 'ENSG00000182185')	0.8106919997300598	1
('ENSG00000004864', 'ENSG00000196663')	0.8106794394124606	1
('ENSG00000001629', 'ENSG00000039123')	0.8106001603754095	1
('ENSG00000001629', 'ENSG00000196357')	0.8100753101975262	1
('ENSG00000003393', 'ENSG00000118961')	0.8100094127837947	0
('ENSG00000002016', 'ENSG00000162927')	0.8097259247682577	1
('ENSG00000006695', 'ENSG00000141084')	0.8092122327854414	1
('ENSG00000007341', 'ENSG00000091127')	0.8089047994724725	1
('ENSG00000004838', 'ENSG00000198183')	0.8082071700678294	1
('ENSG00000004864', 'ENSG00000141084')	0.8080522646849003	0
('ENSG00000001629', 'ENSG00000250312')	0.8066344075885731	1
('ENSG00000008869', 'ENSG00000176783')	0.8065805482255783	1
('ENSG00000003393', 'ENSG00000141084')	0.8063285664929002	1
('ENSG00000003509', 'ENSG00000092140')	0.8060075051092587	1
('ENSG00000005339', 'ENSG00000159086')	0.8059491759598023	1
('ENSG00000001629', 'ENSG00000251247')	0.8058227067079039	1
('ENSG00000006530', 'ENSG00000100601')	0.8050435206681662	1
('ENSG00000001629', 'ENSG00000170832')	0.8046229309412217	1
('ENSG00000004766', 'ENSG00000100601')	0.8044876599083359	0
('ENSG00000002016', 'ENSG00000153558')	0.8041398060388678	1
('ENSG00000006715', 'ENSG00000039123')	0.8038324531894179	1
('ENSG00000004766', 'ENSG00000196663')	0.8032369952707734	1
('ENSG00000007923', 'ENSG00000039123')	0.803098955123517	0
('ENSG00000002016', 'ENSG00000168781')	0.8030147640291145	0
('ENSG00000001629', 'ENSG00000196715')	0.8025568552496246	1
('ENSG00000001629', 'ENSG00000179532')	0.8025145793737075	0
('ENSG00000005844', 'ENSG00000100385')	0.8023456911940285	1
('ENSG00000000460', 'ENSG00000198556')	0.8018590335212475	1
('ENSG00000004897', 'ENSG00000182185')	0.8017535375964586	1
('ENSG00000004866', 'ENSG00000196663')	0.801220374690452	0
('ENSG00000005810', 'ENSG00000115464')	0.80073561424575	1
('ENSG00000005700', 'ENSG00000039123')	0.8006907254111427	0
('ENSG00000003393', 'ENSG00000072415')	0.8006824510549259	1
('ENSG00000002016', 'ENSG00000166762')	0.8002242144320654	0
('ENSG00000001629', 'ENSG00000175387')	0.7996556404226118	1
('ENSG00000005436', 'ENSG00000165322')	0.7981938228565487	1
('ENSG00000103275', 'ENSG00000147140')	0.7981873651698387	1
('ENSG00000006607', 'ENSG00000091127')	0.7977605628732726	1
('ENSG00000001629', 'ENSG00000138286')	0.7977053880618048	0
('ENSG00000006715', 'ENSG00000176783')	0.7974938815324789	1
('ENSG00000001629', 'ENSG00000111880')	0.7974131367995958	1
('ENSG00000001629', 'ENSG00000134146')	0.7973820928440482	1
('ENSG00000006116', 'ENSG00000154118')	0.7972965201977941	1
('ENSG00000000457', 'ENSG00000105793')	0.7972770553867964	0
('ENSG00000000460', 'ENSG00000170325')	0.7964186264964211	1
('ENSG00000008869', 'ENSG00000100601')	0.796368006036839	0
('ENSG00000004897', 'ENSG00000039123')	0.7963245897423187	1
('ENSG00000001629', 'ENSG00000115145')	0.7952680807775452	0
('ENSG00000000460', 'ENSG00000100601')	0.7949940877619227	1
('ENSG00000003393', 'ENSG00000100601')	0.794790185117455	1
('ENSG00000004864', 'ENSG00000118961')	0.7947186503446675	0
('ENSG00000003393', 'ENSG00000091127')	0.7947147829619312	1
('ENSG00000006715', 'ENSG00000141084')	0.793770608487284	1
('ENSG00000002016', 'ENSG00000170832')	0.7934888791662721	1
('ENSG00000003393', 'ENSG00000165322')	0.7934530651168968	1
('ENSG00000002746', 'ENSG00000154118')	0.7931861340842872	1
('ENSG00000001629', 'ENSG00000143156')	0.7928742320896817	0
('ENSG00000004866', 'ENSG00000182185')	0.7925162873425825	1
('ENSG00000009830', 'ENSG00000105948')	0.7923213756096705	1
('ENSG00000001629', 'ENSG00000132155')	0.7922914489818143	1
('ENSG00000004897', 'ENSG00000141084')	0.7922702347912112	0
('ENSG00000006530', 'ENSG00000039123')	0.7921869935345267	0
('ENSG00000001629', 'ENSG00000196663')	0.7920552558693137	0
('ENSG00000001629', 'ENSG00000148925')	0.7916033630583532	1
('ENSG00000001629', 'ENSG00000114098')	0.7913650850312239	1
('ENSG00000006715', 'ENSG00000136381')	0.7909221621092646	1
('ENSG00000009413', 'ENSG00000115464')	0.7906598148392042	0
('ENSG00000001629', 'ENSG00000164983')	0.7906529007477319	0
('ENSG00000000457', 'ENSG00000111224')	0.7903739321284201	1
('ENSG00000003756', 'ENSG00000136381')	0.7902038309034102	1
('ENSG00000007341', 'ENSG00000176783')	0.7901089955696733	1
('ENSG00000007923', 'ENSG00000091127')	0.7899520217359766	0
('ENSG00000000460', 'ENSG00000020256')	0.7899068845980298	1
('ENSG00000001629', 'ENSG00000107779')	0.7897121648277523	1
('ENSG00000008869', 'ENSG00000136381')	0.7897090677204092	1
('ENSG00000002016', 'ENSG00000125966')	0.7894356985895197	1
('ENSG00000002016', 'ENSG00000198373')	0.7892891953490828	1
('ENSG00000001629', 'ENSG00000056586')	0.7870669151271084	1
('ENSG00000000938', 'ENSG00000183862')	0.7867945186509279	0
('ENSG00000001629', 'ENSG00000283154')	0.7866363185290188	1
('ENSG00000007047', 'ENSG00000091127')	0.7860509712094869	1
('ENSG00000010017', 'ENSG00000115464')	0.7860146363867282	1
('ENSG00000002016', 'ENSG00000091127')	0.7859958007189081	1
('ENSG00000007047', 'ENSG00000100601')	0.7859020728249222	1
('ENSG00000004897', 'ENSG00000091127')	0.7858849240884601	1
('ENSG00000006695', 'ENSG00000100601')	0.7858791271615816	1
('ENSG00000004766', 'ENSG00000162927')	0.7857010737562335	0
('ENSG00000002016', 'ENSG00000114098')	0.7850853088512646	0
('ENSG00000001629', 'ENSG00000141084')	0.7847566942933629	0
('ENSG00000003509', 'ENSG00000100601')	0.7846484697173816	1
('ENSG00000000457', 'ENSG00000172943')	0.7845204506968962	0
('ENSG00000002016', 'ENSG00000008277')	0.7843303106196823	1
('ENSG00000000457', 'ENSG00000116138')	0.7841490108568607	0
('ENSG00000002016', 'ENSG00000064933')	0.7840799246728942	1
('ENSG00000005339', 'ENSG00000136381')	0.7840335022237209	1
('ENSG00000004864', 'ENSG00000176783')	0.783882367347066	1
('ENSG00000001629', 'ENSG00000147905')	0.7833901185195383	1
('ENSG00000001629', 'ENSG00000112425')	0.783172585744192	1
('ENSG00000115484', 'ENSG00000147140')	0.783150046488045	1
('ENSG00000003393', 'ENSG00000105948')	0.7831480783507756	1
('ENSG00000009335', 'ENSG00000039123')	0.7831394579579175	1
('ENSG00000001629', 'ENSG00000170325')	0.7830739517577159	1
('ENSG00000006837', 'ENSG00000105948')	0.7830597633581224	1
('ENSG00000001629', 'ENSG00000198373')	0.782899826753134	1
('ENSG00000002016', 'ENSG00000152422')	0.7827539248245845	1
('ENSG00000001629', 'ENSG00000118961')	0.7827296209485733	0
('ENSG00000009335', 'ENSG00000176783')	0.7825962708150019	0
('ENSG00000000460', 'ENSG00000267041')	0.7825218984879218	1
('ENSG00000143621', 'ENSG00000147140')	0.7824564799950339	1
('ENSG00000000460', 'ENSG00000133119')	0.7823947999439884	1
('ENSG00000000460', 'ENSG00000138286')	0.782377773151317	0
('ENSG00000004897', 'ENSG00000165322')	0.7822939483313035	1
('ENSG00000001629', 'ENSG00000123636')	0.7819246503755749	1
('ENSG00000007392', 'ENSG00000039123')	0.7816294501236788	0
('ENSG00000002016', 'ENSG00000107779')	0.7816082235241487	1
('ENSG00000006530', 'ENSG00000141084')	0.7815121361284054	1
('ENSG00000000460', 'ENSG00000250312')	0.7814079584353433	1
('ENSG00000004534', 'ENSG00000182185')	0.7813480484319707	1
('ENSG00000009335', 'ENSG00000091127')	0.7812006414656691	1
('ENSG00000006125', 'ENSG00000039123')	0.7811769498798766	0
('ENSG00000003393', 'ENSG00000197937')	0.7810521308236154	1
('ENSG00000000457', 'ENSG00000183475')	0.7808870726576336	1
('ENSG00000002016', 'ENSG00000112367')	0.7806417255068439	1
('ENSG00000001629', 'ENSG00000110888')	0.7805663803966979	1
('ENSG00000005700', 'ENSG00000182185')	0.7804964423303706	1
('ENSG00000005436', 'ENSG00000196663')	0.7803942629800505	0
('ENSG00000002016', 'ENSG00000196715')	0.7803176107728125	1
('ENSG00000003393', 'ENSG00000166762')	0.7801686884187795	1
('ENSG00000001629', 'ENSG00000123124')	0.7800813508860613	1
('ENSG00000000460', 'ENSG00000196357')	0.7799770963682653	1
('ENSG00000004897', 'ENSG00000196663')	0.7799246614176684	0
('ENSG00000005700', 'ENSG00000136381')	0.7797464959919109	1
('ENSG00000003393', 'ENSG00000180901')	0.7797385912734982	1
('ENSG00000001629', 'ENSG00000152683')	0.7796728676760302	0
('ENSG00000002016', 'ENSG00000115145')	0.7794490036440449	1
('ENSG00000001629', 'ENSG00000159086')	0.7790134656595032	1
('ENSG00000004766', 'ENSG00000166762')	0.7782070543824664	1
('ENSG00000002016', 'ENSG00000171448')	0.7779013863911157	1
('ENSG00000004866', 'ENSG00000118961')	0.7775317542695552	0
('ENSG00000001629', 'ENSG00000036054')	0.7773732056181517	0
('ENSG00000004848', 'ENSG00000205927')	0.7771097050548156	1
('ENSG00000007047', 'ENSG00000039123')	0.7762772980767197	0
('ENSG00000004866', 'ENSG00000091127')	0.776170808916634	1
('ENSG00000007047', 'ENSG00000176783')	0.7756851633130477	1
('ENSG00000000460', 'ENSG00000152683')	0.7754538172430402	0
('ENSG00000000460', 'ENSG00000131697')	0.7754439394269178	1
('ENSG00000001629', 'ENSG00000078687')	0.7752782816500499	1
('ENSG00000003509', 'ENSG00000072756')	0.7748357925162375	1
('ENSG00000005700', 'ENSG00000118961')	0.7746785288899669	0
('ENSG00000002016', 'ENSG00000165275')	0.7744799689342368	1
('ENSG00000001629', 'ENSG00000198556')	0.7743946191883239	1
('ENSG00000001629', 'ENSG00000131697')	0.7743832973528286	1
('ENSG00000008869', 'ENSG00000115464')	0.7741966626979018	0
('ENSG00000003509', 'ENSG00000197302')	0.7740322051719031	0
('ENSG00000001629', 'ENSG00000139631')	0.7739468972176313	0
('ENSG00000002016', 'ENSG00000142687')	0.7738412503254449	0
('ENSG00000001629', 'ENSG00000130449')	0.7737643941015613	0
('ENSG00000002016', 'ENSG00000165322')	0.7736397765244366	1
('ENSG00000003393', 'ENSG00000162927')	0.7735660434401284	0
('ENSG00000004534', 'ENSG00000039123')	0.7731115021561646	1
('ENSG00000003509', 'ENSG00000114026')	0.7730673181255748	1
('ENSG00000008086', 'ENSG00000091127')	0.7730113766176884	1
('ENSG00000002016', 'ENSG00000197937')	0.7723691190123633	1
('ENSG00000000460', 'ENSG00000179532')	0.7723433642541461	0
('ENSG00000004864', 'ENSG00000091127')	0.7721529751033481	1
('ENSG00000005436', 'ENSG00000136381')	0.7721324329329013	1
('ENSG00000000419', 'ENSG00000161057')	0.7718226919822723	1
('ENSG00000006715', 'ENSG00000100601')	0.771762420067867	1
('ENSG00000007341', 'ENSG00000136381')	0.7716621467519298	1
('ENSG00000005889', 'ENSG00000136381')	0.771602411116329	1
('ENSG00000005436', 'ENSG00000091127')	0.7714869154471689	1
('ENSG00000002016', 'ENSG00000164941')	0.771390549793119	1
('ENSG00000002016', 'ENSG00000138442')	0.7713721753218691	1
('ENSG00000003756', 'ENSG00000159086')	0.771329869699336	1
('ENSG00000008086', 'ENSG00000141084')	0.7711914264301157	0
('ENSG00000004866', 'ENSG00000072415')	0.7707503370918605	1
('ENSG00000147140', 'ENSG00000166226')	0.7705055922031743	1
('ENSG00000003987', 'ENSG00000154118')	0.7702663337932592	0
('ENSG00000001629', 'ENSG00000138399')	0.7701169118510166	1
('ENSG00000000460', 'ENSG00000196455')	0.7700966643836812	1
('ENSG00000000457', 'ENSG00000188283')	0.7699676697225569	0
('ENSG00000005700', 'ENSG00000176783')	0.7697159405149595	1
('ENSG00000002016', 'ENSG00000137075')	0.7694322225851891	0
('ENSG00000002016', 'ENSG00000072415')	0.7692125122266783	1
('ENSG00000005436', 'ENSG00000092140')	0.7691732843656247	0
('ENSG00000005700', 'ENSG00000141084')	0.769028353648336	0
('ENSG00000000457', 'ENSG00000120159')	0.7682563798804388	0
('ENSG00000002016', 'ENSG00000176783')	0.7682510042918568	1
('ENSG00000100823', 'ENSG00000147140')	0.7676593169754575	1
('ENSG00000001629', 'ENSG00000196151')	0.7676432155662031	1
('ENSG00000001629', 'ENSG00000106346')	0.7675709909890797	1
('ENSG00000004864', 'ENSG00000130449')	0.767398050138777	0
('ENSG00000000457', 'ENSG00000047621')	0.7673606712537671	0
('ENSG00000002016', 'ENSG00000105948')	0.7671755495453967	1
('ENSG00000000460', 'ENSG00000144468')	0.7670096956112765	1
('ENSG00000006607', 'ENSG00000100601')	0.7669647268688722	1
('ENSG00000009844', 'ENSG00000092140')	0.7668929095776739	0
('ENSG00000004897', 'ENSG00000118961')	0.7668668197299986	0
('ENSG00000007168', 'ENSG00000039123')	0.7668323270607215	0
('ENSG00000005436', 'ENSG00000072415')	0.7666854340582646	1
('ENSG00000001629', 'ENSG00000083067')	0.7664910962637191	0
('ENSG00000004766', 'ENSG00000072415')	0.7663627612780981	1
('ENSG00000004864', 'ENSG00000100601')	0.7663610730047037	1
('ENSG00000006530', 'ENSG00000136381')	0.7663061823313748	1
('ENSG00000004766', 'ENSG00000176783')	0.7660468889197306	1
('ENSG00000007923', 'ENSG00000176783')	0.7655211721079673	0
('ENSG00000005339', 'ENSG00000130449')	0.7653905600560201	0
('ENSG00000002016', 'ENSG00000137992')	0.7652143643320496	0
('ENSG00000000460', 'ENSG00000152422')	0.7651226551440157	1
('ENSG00000004864', 'ENSG00000162927')	0.7650708801858092	1
('ENSG00000003509', 'ENSG00000039123')	0.7650094366507408	0
('ENSG00000000460', 'ENSG00000118961')	0.7646736067593054	0
('ENSG00000004487', 'ENSG00000039123')	0.764580592441775	1
('ENSG00000000460', 'ENSG00000182185')	0.7644178285465437	1
('ENSG00000006062', 'ENSG00000141084')	0.7643301500394912	0
('ENSG00000001629', 'ENSG00000136381')	0.7643289428052785	1
('ENSG00000001629', 'ENSG00000166762')	0.7641617923613038	0
('ENSG00000010017', 'ENSG00000136381')	0.7639658471629486	1
('ENSG00000000460', 'ENSG00000184178')	0.7639468415166584	0
('ENSG00000005889', 'ENSG00000159086')	0.7638492647437267	1
('ENSG00000004866', 'ENSG00000141084')	0.7638117071911701	1
('ENSG00000000457', 'ENSG00000165275')	0.7637100916877985	1
('ENSG00000001629', 'ENSG00000101464')	0.7635970634969707	1
('ENSG00000008869', 'ENSG00000147905')	0.7634260775205114	0
('ENSG00000001629', 'ENSG00000064933')	0.7633249877613898	0
('ENSG00000009830', 'ENSG00000091127')	0.7633043739589153	1
('ENSG00000004766', 'ENSG00000091127')	0.7632987153876043	0
('ENSG00000010017', 'ENSG00000141084')	0.7631830555752643	1
('ENSG00000001629', 'ENSG00000162695')	0.7631041742328777	0
('ENSG00000000457', 'ENSG00000166716')	0.763079258931035	0
('ENSG00000001629', 'ENSG00000008277')	0.7630393805262153	1
('ENSG00000004897', 'ENSG00000100601')	0.762998339714344	1
('ENSG00000001629', 'ENSG00000184271')	0.7629373993750813	1
('ENSG00000005339', 'ENSG00000165322')	0.7627022128354293	1
('ENSG00000001629', 'ENSG00000020256')	0.7626113088046733	1
('ENSG00000001629', 'ENSG00000108799')	0.7625392763528336	1
('ENSG00000000460', 'ENSG00000101464')	0.7621063195807778	1
('ENSG00000000457', 'ENSG00000196455')	0.7620662763510972	1
('ENSG00000004864', 'ENSG00000039123')	0.7619997598042713	1
('ENSG00000000460', 'ENSG00000047621')	0.7619959427512318	1
('ENSG00000147140', 'ENSG00000149136')	0.7618640240739035	1
('ENSG00000002016', 'ENSG00000111224')	0.761758720604918	1
('ENSG00000004487', 'ENSG00000092140')	0.7616436928416054	1
('ENSG00000005700', 'ENSG00000196663')	0.7615170675998627	1
('ENSG00000002016', 'ENSG00000039123')	0.7614212101786366	1
('ENSG00000002016', 'ENSG00000151322')	0.7613498391411989	1
('ENSG00000002016', 'ENSG00000188649')	0.761309513674363	1
('ENSG00000000460', 'ENSG00000162927')	0.7612799072131659	1
('ENSG00000000460', 'ENSG00000171448')	0.7609924029116746	1
('ENSG00000010017', 'ENSG00000176783')	0.760897531124413	1
('ENSG00000000460', 'ENSG00000204920')	0.7607971434726176	1
('ENSG00000004897', 'ENSG00000176783')	0.7606471453371404	1
('ENSG00000008869', 'ENSG00000092140')	0.7603666322473784	0
('ENSG00000000457', 'ENSG00000164941')	0.7602894419318296	0
('ENSG00000000457', 'ENSG00000169660')	0.7601647801425544	0
('ENSG00000002016', 'ENSG00000183475')	0.759983123074239	1
('ENSG00000006530', 'ENSG00000092140')	0.7598049547842602	0
('ENSG00000002016', 'ENSG00000142082')	0.7594388993194671	1
('ENSG00000000457', 'ENSG00000137992')	0.7593924430036239	0
('ENSG00000001629', 'ENSG00000114062')	0.7593786648732145	1
('ENSG00000001629', 'ENSG00000173757')	0.7593764825487398	1
('ENSG00000006607', 'ENSG00000176783')	0.7593174625567256	1
('ENSG00000147140', 'ENSG00000156261')	0.7592586644344326	1
('ENSG00000000457', 'ENSG00000003509')	0.7589980911057808	1
('ENSG00000001629', 'ENSG00000008256')	0.7589353478112111	1
('ENSG00000000460', 'ENSG00000138442')	0.7589334802048432	1
('ENSG00000004975', 'ENSG00000160993')	0.7589302498237096	1
('ENSG00000006715', 'ENSG00000143641')	0.7588745249549248	0
('ENSG00000006831', 'ENSG00000039123')	0.7587585372248552	0
('ENSG00000000003', 'ENSG00000110492')	0.7586675536264819	1
('ENSG00000005436', 'ENSG00000162927')	0.7586198153217358	1
('ENSG00000002016', 'ENSG00000184792')	0.7583886539750455	0
('ENSG00000000460', 'ENSG00000112425')	0.7582055209243016	1
('ENSG00000005889', 'ENSG00000197302')	0.7582003188260852	1
('ENSG00000003756', 'ENSG00000039123')	0.7581252436089333	1
('ENSG00000001629', 'ENSG00000138095')	0.7579029061636736	1
('ENSG00000001629', 'ENSG00000095787')	0.7577774840963952	1
('ENSG00000000457', 'ENSG00000152683')	0.7577319608145818	0
('ENSG00000002016', 'ENSG00000100372')	0.7575944398548393	0
('ENSG00000000460', 'ENSG00000251247')	0.7574293360578452	1
('ENSG00000008083', 'ENSG00000115464')	0.7570134467041421	1
('ENSG00000004766', 'ENSG00000136381')	0.7569971319648041	1
('ENSG00000001629', 'ENSG00000185842')	0.7569958413152025	0
('ENSG00000004866', 'ENSG00000130449')	0.7569827832982877	0
('ENSG00000005339', 'ENSG00000039123')	0.7565297320055114	0
('ENSG00000000457', 'ENSG00000251247')	0.7564814402582117	0
('ENSG00000005513', 'ENSG00000205927')	0.756405329192658	1
('ENSG00000004139', 'ENSG00000118961')	0.7563853232903873	0
('ENSG00000005339', 'ENSG00000176783')	0.7561587097627391	1
('ENSG00000000460', 'ENSG00000140543')	0.7560508197529174	1
('ENSG00000102898', 'ENSG00000147140')	0.7559071034158595	0
('ENSG00000000457', 'ENSG00000141699')	0.7558515495847169	0
('ENSG00000002016', 'ENSG00000125149')	0.7558402349872474	0
('ENSG00000006831', 'ENSG00000100601')	0.7557993808362763	1
('ENSG00000002016', 'ENSG00000148814')	0.7555772782990171	0
('ENSG00000000457', 'ENSG00000197124')	0.7554385422167058	0
('ENSG00000007376', 'ENSG00000088038')	0.7554024277899826	1
('ENSG00000000460', 'ENSG00000100372')	0.7546911921078789	0
('ENSG00000004534', 'ENSG00000165322')	0.7542642745558132	0
('ENSG00000000460', 'ENSG00000197124')	0.7541842534251155	1
('ENSG00000001497', 'ENSG00000064703')	0.7541128259237118	1
('ENSG00000000460', 'ENSG00000059691')	0.7539612989334449	1
('ENSG00000006047', 'ENSG00000188784')	0.7539488320355952	1
('ENSG00000005436', 'ENSG00000176783')	0.7537700760822461	1
('ENSG00000007341', 'ENSG00000143641')	0.7537015047823047	0
('ENSG00000008277', 'ENSG00000134376')	0.7536318768369211	1
('ENSG00000008086', 'ENSG00000105948')	0.7535510815089291	1
('ENSG00000009335', 'ENSG00000136381')	0.7535169421430298	0
('ENSG00000004766', 'ENSG00000147905')	0.753513005415458	0
('ENSG00000006740', 'ENSG00000105948')	0.7535023259127329	1
('ENSG00000006837', 'ENSG00000091127')	0.7534210128948764	1
('ENSG00000002016', 'ENSG00000146021')	0.7533498236518517	0
('ENSG00000000460', 'ENSG00000135457')	0.7533125668220684	1
('ENSG00000007341', 'ENSG00000092140')	0.7531909712188002	0
('ENSG00000000460', 'ENSG00000138399')	0.7531123248009088	1
('ENSG00000000457', 'ENSG00000100601')	0.7528815153944132	1
('ENSG00000007174', 'ENSG00000105948')	0.7526898425979202	1
('ENSG00000001629', 'ENSG00000184903')	0.7526172682810274	1
('ENSG00000009335', 'ENSG00000143641')	0.7525873483587354	1
('ENSG00000001629', 'ENSG00000157827')	0.7524954920531054	0
('ENSG00000000457', 'ENSG00000165660')	0.7524622967315552	1
('ENSG00000002016', 'ENSG00000173258')	0.75234527575477	1
('ENSG00000004897', 'ENSG00000092140')	0.7522721359818623	1
('ENSG00000001629', 'ENSG00000173482')	0.7521986439400744	1
('ENSG00000000460', 'ENSG00000111785')	0.7521414751565959	1
('ENSG00000004139', 'ENSG00000196663')	0.7521300742795253	1
('ENSG00000000457', 'ENSG00000198373')	0.752035953520773	1
('ENSG00000006607', 'ENSG00000143641')	0.7519891702569647	0
('ENSG00000147140', 'ENSG00000204392')	0.7519754196172648	1
('ENSG00000001629', 'ENSG00000109339')	0.7519556248562259	1
('ENSG00000004139', 'ENSG00000180901')	0.7519361762126198	0
('ENSG00000000460', 'ENSG00000075702')	0.7517205967057777	1
('ENSG00000001629', 'ENSG00000188647')	0.7516150522808561	1
('ENSG00000001631', 'ENSG00000165275')	0.7512977342906777	1
('ENSG00000000457', 'ENSG00000103423')	0.7509793528208031	1
('ENSG00000005436', 'ENSG00000180901')	0.750903188631114	1
('ENSG00000004897', 'ENSG00000072415')	0.7506707085167257	1
('ENSG00000004897', 'ENSG00000136381')	0.7501533308809963	1
('ENSG00000002016', 'ENSG00000180901')	0.7501259977958713	1
('ENSG00000005339', 'ENSG00000141084')	0.7501135343288562	1
('ENSG00000147140', 'ENSG00000168002')	0.7500571124728332	1
('ENSG00000008869', 'ENSG00000091127')	0.7499035736182893	0
('ENSG00000005339', 'ENSG00000182185')	0.7498595231772266	1
('ENSG00000008869', 'ENSG00000143641')	0.7498311183143619	0
('ENSG00000000457', 'ENSG00000183495')	0.7498260481958484	0
('ENSG00000005810', 'ENSG00000147905')	0.7498200001713811	1
('ENSG00000000460', 'ENSG00000101624')	0.7495109507193842	1
('ENSG00000005700', 'ENSG00000143641')	0.7494409462222995	0
('ENSG00000000460', 'ENSG00000141084')	0.7494304319114249	0
('ENSG00000006837', 'ENSG00000100601')	0.7493441764478767	1
('ENSG00000006704', 'ENSG00000105948')	0.7493395216267548	1
('ENSG00000122565', 'ENSG00000147140')	0.7491430412042084	1
('ENSG00000001629', 'ENSG00000137992')	0.7490092483711869	0
('ENSG00000000460', 'ENSG00000116138')	0.7489538733519319	0
('ENSG00000006831', 'ENSG00000141084')	0.7488972622200607	0
('ENSG00000000457', 'ENSG00000153107')	0.7488544873234363	1
('ENSG00000002016', 'ENSG00000139631')	0.7488471887471507	0
('ENSG00000007923', 'ENSG00000136381')	0.7485600675710692	0
('ENSG00000006712', 'ENSG00000177963')	0.748425862267115	1
('ENSG00000009335', 'ENSG00000100601')	0.7484054840258683	1
('ENSG00000002016', 'ENSG00000008256')	0.7483801031777895	1
('ENSG00000001629', 'ENSG00000173041')	0.74828445367922	1
('ENSG00000000460', 'ENSG00000027001')	0.7481655587090705	0
('ENSG00000000457', 'ENSG00000166704')	0.748005895015407	0
('ENSG00000147140', 'ENSG00000196419')	0.7479357038959328	1
('ENSG00000005700', 'ENSG00000115464')	0.7477455377686361	1
('ENSG00000001629', 'ENSG00000027001')	0.7475637089581944	1
('ENSG00000004897', 'ENSG00000115464')	0.7475235631780319	1
('ENSG00000008256', 'ENSG00000091127')	0.747459517380608	1
('ENSG00000000457', 'ENSG00000119285')	0.747340362016552	0
('ENSG00000001629', 'ENSG00000157216')	0.7472636522429229	1
('ENSG00000000457', 'ENSG00000198556')	0.7472476732812164	0
('ENSG00000001629', 'ENSG00000173258')	0.7470253236053641	1
('ENSG00000002016', 'ENSG00000131067')	0.7469149312300246	1
('ENSG00000000460', 'ENSG00000105662')	0.7468815698966441	1
('ENSG00000010017', 'ENSG00000039123')	0.7467922447843015	0
('ENSG00000004766', 'ENSG00000115464')	0.746747661327186	0
('ENSG00000000457', 'ENSG00000167528')	0.7467415004728082	0
('ENSG00000005436', 'ENSG00000197937')	0.7467149099410029	1
('ENSG00000004866', 'ENSG00000165322')	0.7466960881559221	1
('ENSG00000001629', 'ENSG00000147202')	0.7465477890067536	0
('ENSG00000135624', 'ENSG00000147140')	0.7465193413980546	1
('ENSG00000004534', 'ENSG00000136381')	0.7464283437555724	0
('ENSG00000000457', 'ENSG00000107021')	0.7462126559191457	1
('ENSG00000001629', 'ENSG00000125834')	0.7462104286635917	1
('ENSG00000003509', 'ENSG00000136381')	0.745989551035561	0
('ENSG00000000460', 'ENSG00000177463')	0.745958674683937	1
('ENSG00000000460', 'ENSG00000196663')	0.7459160813763717	0
('ENSG00000007047', 'ENSG00000136381')	0.7457234669082603	1
('ENSG00000001631', 'ENSG00000064933')	0.745601940017802	0
('ENSG00000004139', 'ENSG00000166762')	0.7455364652865861	1
('ENSG00000147140', 'ENSG00000215021')	0.7455303428606869	1
('ENSG00000006715', 'ENSG00000092140')	0.7455186671860672	0
('ENSG00000002330', 'ENSG00000055950')	0.7452268982334146	1
('ENSG00000001497', 'ENSG00000166181')	0.7452120042320087	0
('ENSG00000004866', 'ENSG00000166762')	0.7450926997258546	0
('ENSG00000006715', 'ENSG00000091127')	0.7450021355197668	1
('ENSG00000001497', 'ENSG00000130935')	0.7448904884223653	1
('ENSG00000011009', 'ENSG00000177963')	0.7447261011716797	1
('ENSG00000002016', 'ENSG00000132010')	0.7447092614359475	1
('ENSG00000009830', 'ENSG00000100601')	0.7446769106751913	1
('ENSG00000087302', 'ENSG00000147140')	0.7443430756678484	1
('ENSG00000000457', 'ENSG00000020256')	0.7442835644022671	1
('ENSG00000002330', 'ENSG00000120509')	0.7440205781614536	1
('ENSG00000005339', 'ENSG00000196663')	0.7439626659210705	0
('ENSG00000002016', 'ENSG00000138081')	0.7439108415170879	1
('ENSG00000001629', 'ENSG00000204920')	0.7438660705155493	1
('ENSG00000004766', 'ENSG00000092140')	0.7435838900245195	0
('ENSG00000002016', 'ENSG00000153107')	0.7435629747469003	1
('ENSG00000002016', 'ENSG00000164983')	0.7435544089801359	0
('ENSG00000000457', 'ENSG00000135473')	0.743539475747724	0
('ENSG00000000457', 'ENSG00000106346')	0.7434574719580106	1
('ENSG00000001629', 'ENSG00000072415')	0.7433050997554403	0
('ENSG00000006704', 'ENSG00000141084')	0.743232559214166	0
('ENSG00000000003', 'ENSG00000263761')	0.7431546472313493	1
('ENSG00000001629', 'ENSG00000176783')	0.7431070573675773	0
('ENSG00000000003', 'ENSG00000070087')	0.7431015942328141	1
('ENSG00000001631', 'ENSG00000039123')	0.7430368041495535	0
('ENSG00000004766', 'ENSG00000143641')	0.7429219378501593	0
('ENSG00000007392', 'ENSG00000092140')	0.7426897483147602	0
('ENSG00000038274', 'ENSG00000177963')	0.7423990078331543	0
('ENSG00000004864', 'ENSG00000143641')	0.7423181314114478	0
('ENSG00000000460', 'ENSG00000184271')	0.7422740701902537	1
('ENSG00000005700', 'ENSG00000166762')	0.7422572712768282	1
('ENSG00000001629', 'ENSG00000108443')	0.7421793942040696	1
('ENSG00000147140', 'ENSG00000165512')	0.741923535877208	1
('ENSG00000004534', 'ENSG00000159086')	0.7417894184662907	1
('ENSG00000003756', 'ENSG00000115464')	0.7416366211946607	1
('ENSG00000005194', 'ENSG00000160993')	0.7415555674128725	1
('ENSG00000006125', 'ENSG00000092140')	0.7415273580697765	0
('ENSG00000006715', 'ENSG00000147905')	0.7415242483185707	1
('ENSG00000147140', 'ENSG00000175334')	0.7415039236414482	1
('ENSG00000000460', 'ENSG00000078795')	0.7413612642961257	0
('ENSG00000010072', 'ENSG00000088038')	0.7413068842131195	1
('ENSG00000001629', 'ENSG00000143641')	0.741248673609905	1
('ENSG00000001497', 'ENSG00000119760')	0.7409388812112033	0
('ENSG00000005339', 'ENSG00000147905')	0.7409234766324145	1
('ENSG00000007341', 'ENSG00000105948')	0.7408879805263433	1
('ENSG00000002016', 'ENSG00000283154')	0.7407341115256652	1
('ENSG00000001629', 'ENSG00000010322')	0.7406019812676228	0
('ENSG00000005700', 'ENSG00000072415')	0.7404359165635898	1
('ENSG00000005001', 'ENSG00000198183')	0.7403670224406409	0
('ENSG00000001629', 'ENSG00000169180')	0.7402983967328651	0
('ENSG00000002016', 'ENSG00000105793')	0.7402307663948441	0
('ENSG00000007392', 'ENSG00000136381')	0.740222438976921	1
('ENSG00000005801', 'ENSG00000092140')	0.7402081413533751	0
('ENSG00000106682', 'ENSG00000147140')	0.740183323674412	1
('ENSG00000007923', 'ENSG00000143641')	0.7401007834100253	0
('ENSG00000004809', 'ENSG00000198183')	0.7396784681807705	0
('ENSG00000000457', 'ENSG00000142082')	0.7396228054135798	1
('ENSG00000009335', 'ENSG00000147905')	0.7395366793144577	1
('ENSG00000004139', 'ENSG00000100601')	0.7395245731939621	1
('ENSG00000004534', 'ENSG00000141084')	0.7394334982472908	0
('ENSG00000001629', 'ENSG00000172943')	0.7394260940321981	1
('ENSG00000000457', 'ENSG00000177463')	0.7393683012983372	1
('ENSG00000003509', 'ENSG00000165819')	0.739364198686589	1
('ENSG00000001629', 'ENSG00000091127')	0.7393286774352382	1
('ENSG00000006715', 'ENSG00000115464')	0.739210902829069	1
('ENSG00000005436', 'ENSG00000105948')	0.7390436697594016	1
('ENSG00000124562', 'ENSG00000147140')	0.7388592695485432	1
('ENSG00000005469', 'ENSG00000072415')	0.7388563972353906	0
('ENSG00000006607', 'ENSG00000039123')	0.7387172934702182	0
('ENSG00000000457', 'ENSG00000112367')	0.7387144291407897	1
('ENSG00000002016', 'ENSG00000129535')	0.7386662404950914	1
('ENSG00000000460', 'ENSG00000118420')	0.7386605349007802	0
('ENSG00000007047', 'ENSG00000115464')	0.7386572895124519	1
('ENSG00000000460', 'ENSG00000166881')	0.7386517738001548	0
('ENSG00000006695', 'ENSG00000136381')	0.7384833304155819	1
('ENSG00000002016', 'ENSG00000144228')	0.7382161934392768	1
('ENSG00000009844', 'ENSG00000072756')	0.7381053642675647	1
('ENSG00000002016', 'ENSG00000147905')	0.7379656061717295	1
('ENSG00000005700', 'ENSG00000147905')	0.7379076419192201	1
('ENSG00000004766', 'ENSG00000180901')	0.7378754472730584	0
('ENSG00000004487', 'ENSG00000159086')	0.7377398702237398	1
('ENSG00000006695', 'ENSG00000039123')	0.7376376627712676	0
('ENSG00000001167', 'ENSG00000183475')	0.7372926806150863	1
('ENSG00000000457', 'ENSG00000185917')	0.7371010942575359	1
('ENSG00000000460', 'ENSG00000064933')	0.7368364164454271	1
('ENSG00000077312', 'ENSG00000147140')	0.7366760225255752	1
('ENSG00000001629', 'ENSG00000102547')	0.7366521032015032	0
('ENSG00000007923', 'ENSG00000092140')	0.7366232350881973	0
('ENSG00000002016', 'ENSG00000135473')	0.7365934072062305	1
('ENSG00000004487', 'ENSG00000165322')	0.736558228140749	1
('ENSG00000000457', 'ENSG00000136152')	0.7363994268472795	1
('ENSG00000002016', 'ENSG00000184903')	0.736350022239265	1
('ENSG00000003509', 'ENSG00000118961')	0.7362511197305814	0
('ENSG00000003987', 'ENSG00000134376')	0.7361485835776246	1
('ENSG00000005436', 'ENSG00000143641')	0.7361290798536012	0
('ENSG00000001629', 'ENSG00000177200')	0.736054936456741	0
('ENSG00000004487', 'ENSG00000118961')	0.7358200180950574	0
('ENSG00000001629', 'ENSG00000111224')	0.7357437023630404	1
('ENSG00000006695', 'ENSG00000176783')	0.7357345763830325	0
('ENSG00000003393', 'ENSG00000039123')	0.7355711562562252	0
('ENSG00000007168', 'ENSG00000147905')	0.7355312835678496	1
('ENSG00000004864', 'ENSG00000166762')	0.7354815718181785	1
('ENSG00000005436', 'ENSG00000197302')	0.7353988259395325	1
('ENSG00000007168', 'ENSG00000136381')	0.7353970502085814	1
('ENSG00000004897', 'ENSG00000147905')	0.7353788062891817	1
('ENSG00000002016', 'ENSG00000136381')	0.7353454091696007	1
('ENSG00000000460', 'ENSG00000091127')	0.7352869802945962	1
('ENSG00000000460', 'ENSG00000133103')	0.7352078371566534	0
('ENSG00000147140', 'ENSG00000149100')	0.7351992077847004	0
('ENSG00000006837', 'ENSG00000141084')	0.7351100644848388	0
('ENSG00000002016', 'ENSG00000166704')	0.7349186696481844	1
('ENSG00000000938', 'ENSG00000273520')	0.7346780296146004	1
('ENSG00000002016', 'ENSG00000197323')	0.7344433949731118	1
('ENSG00000001631', 'ENSG00000104957')	0.734426063639961	0
('ENSG00000000457', 'ENSG00000135297')	0.734424332232739	1
('ENSG00000004866', 'ENSG00000105948')	0.7343280692980562	1
('ENSG00000000460', 'ENSG00000112367')	0.7342289112441347	1
('ENSG00000006831', 'ENSG00000136381')	0.7338081065572492	1
('ENSG00000004487', 'ENSG00000136381')	0.733786866415863	1
('ENSG00000000460', 'ENSG00000274211')	0.7337619322079107	1
('ENSG00000007923', 'ENSG00000105948')	0.7334215788592486	1
('ENSG00000004866', 'ENSG00000100601')	0.7333815511534215	1
('ENSG00000009844', 'ENSG00000136381')	0.7332741292524094	1
('ENSG00000001629', 'ENSG00000100426')	0.7331639636881474	1
('ENSG00000006530', 'ENSG00000176783')	0.7331599539873477	1
('ENSG00000004487', 'ENSG00000141084')	0.7329544162498581	1
('ENSG00000001629', 'ENSG00000184792')	0.7328503142229121	0
('ENSG00000004139', 'ENSG00000141084')	0.7326906412063457	0
('ENSG00000100216', 'ENSG00000147140')	0.7324994015360026	0
('ENSG00000147140', 'ENSG00000177733')	0.7324883318033724	1
('ENSG00000000457', 'ENSG00000176182')	0.7324361231551356	0
('ENSG00000000457', 'ENSG00000170260')	0.7324255188752081	0
('ENSG00000005001', 'ENSG00000204618')	0.732367149393466	1
('ENSG00000000457', 'ENSG00000178935')	0.732339799941518	0
('ENSG00000007047', 'ENSG00000092140')	0.7323381454090278	1
('ENSG00000005469', 'ENSG00000118961')	0.7321603248375013	1
('ENSG00000010165', 'ENSG00000184857')	0.7321593421058066	0
('ENSG00000005889', 'ENSG00000176783')	0.7321271783840373	1
('ENSG00000006831', 'ENSG00000176783')	0.7321250951620857	1
('ENSG00000005801', 'ENSG00000197302')	0.7320938917079385	1
('ENSG00000001167', 'ENSG00000139350')	0.7318521679546047	0
('ENSG00000001497', 'ENSG00000167112')	0.731740155389649	1
('ENSG00000000460', 'ENSG00000111224')	0.7316263416110892	0
('ENSG00000000419', 'ENSG00000169139')	0.7315710716223714	1
('ENSG00000001460', 'ENSG00000011143')	0.7314031849885587	1
('ENSG00000008256', 'ENSG00000141084')	0.7314024513916132	0
('ENSG00000000460', 'ENSG00000125149')	0.7312803635241675	0
('ENSG00000004864', 'ENSG00000136381')	0.7312551231662762	1
('ENSG00000005889', 'ENSG00000115464')	0.7312063460912166	1
('ENSG00000000938', 'ENSG00000204397')	0.7309640067328346	1
('ENSG00000005194', 'ENSG00000165819')	0.7308352490234469	1
('ENSG00000001497', 'ENSG00000183431')	0.7305170385633534	1
('ENSG00000010017', 'ENSG00000147905')	0.7304846546993405	1
('ENSG00000000457', 'ENSG00000056586')	0.730439497364522	1
('ENSG00000004766', 'ENSG00000159086')	0.7304353357890767	0
('ENSG00000001497', 'ENSG00000148308')	0.7302484032611604	1
('ENSG00000006062', 'ENSG00000176783')	0.7299404804640595	1
('ENSG00000000457', 'ENSG00000188647')	0.7298232705054943	1
('ENSG00000005469', 'ENSG00000165322')	0.7298051583089149	0
('ENSG00000003509', 'ENSG00000197937')	0.7297862770649938	0
('ENSG00000001629', 'ENSG00000165275')	0.7297795691421002	1
('ENSG00000000457', 'ENSG00000152464')	0.7297709894370135	0
('ENSG00000006712', 'ENSG00000112996')	0.7297338594386277	1
('ENSG00000009830', 'ENSG00000148814')	0.729650925631141	0
('ENSG00000009844', 'ENSG00000100601')	0.7295942874758451	1
('ENSG00000000460', 'ENSG00000164941')	0.7295231922573262	1
('ENSG00000001461', 'ENSG00000136878')	0.729466872885072	1
('ENSG00000006704', 'ENSG00000091127')	0.7294181649446924	1
('ENSG00000005700', 'ENSG00000162927')	0.7292435709478051	0
('ENSG00000001497', 'ENSG00000141560')	0.7292417678731646	0
('ENSG00000006744', 'ENSG00000088038')	0.729101015178428	1
('ENSG00000006607', 'ENSG00000105948')	0.7290154242738333	1
('ENSG00000001497', 'ENSG00000144231')	0.7288317323336314	1
('ENSG00000002016', 'ENSG00000109339')	0.7287870570067544	1
('ENSG00000000457', 'ENSG00000171163')	0.7287668747932742	0
('ENSG00000000460', 'ENSG00000204311')	0.7287100733616987	1
('ENSG00000001631', 'ENSG00000153107')	0.7286796993583305	1
('ENSG00000004766', 'ENSG00000197937')	0.7286757833326248	0
('ENSG00000000457', 'ENSG00000197302')	0.7286666528627049	0
('ENSG00000000457', 'ENSG00000170325')	0.728657458933099	0
('ENSG00000006194', 'ENSG00000100726')	0.7286281499874935	1
('ENSG00000008277', 'ENSG00000105948')	0.7285409388787759	1
('ENSG00000001497', 'ENSG00000174243')	0.7284524774958585	1
('ENSG00000005436', 'ENSG00000103197')	0.7284492478326239	1
('ENSG00000005889', 'ENSG00000039123')	0.7284295263062911	0
('ENSG00000001631', 'ENSG00000105793')	0.7281137117587433	0
('ENSG00000010017', 'ENSG00000100601')	0.7280753508088786	1
('ENSG00000004139', 'ENSG00000039123')	0.7280232749806441	1
('ENSG00000001629', 'ENSG00000178568')	0.728000159739211	1
('ENSG00000006125', 'ENSG00000165322')	0.7279895417584643	0
('ENSG00000000457', 'ENSG00000064933')	0.7279034526040614	0
('ENSG00000000460', 'ENSG00000125966')	0.7277451620581256	0
('ENSG00000010017', 'ENSG00000143641')	0.7277059674600095	0
('ENSG00000005700', 'ENSG00000100601')	0.7276631487854376	1
('ENSG00000010165', 'ENSG00000088038')	0.7276322162591736	1
('ENSG00000004766', 'ENSG00000197302')	0.7275364558139861	0
('ENSG00000001461', 'ENSG00000105793')	0.7274698240154771	0
('ENSG00000000457', 'ENSG00000160072')	0.7274157008013665	0
('ENSG00000001629', 'ENSG00000214655')	0.7273721548046829	1
('ENSG00000002016', 'ENSG00000100150')	0.7272645526421414	1
('ENSG00000005436', 'ENSG00000114026')	0.7270770710212725	1
('ENSG00000005194', 'ENSG00000100029')	0.7270429940915761	1
('ENSG00000010017', 'ENSG00000091127')	0.7269858911705667	1
('ENSG00000000457', 'ENSG00000185278')	0.7269547918626551	0
('ENSG00000048544', 'ENSG00000177963')	0.726943171629779	0
('ENSG00000000457', 'ENSG00000133103')	0.7266190767770944	1
('ENSG00000005700', 'ENSG00000159086')	0.7265858247110518	1
('ENSG00000006125', 'ENSG00000136381')	0.726522909225874	1
('ENSG00000023041', 'ENSG00000177963')	0.7264470826450101	1
('ENSG00000004866', 'ENSG00000180901')	0.7263276821220289	1
('ENSG00000000003', 'ENSG00000006042')	0.7263248755095791	1
('ENSG00000000460', 'ENSG00000197937')	0.7262731767023601	1
('ENSG00000006831', 'ENSG00000091127')	0.7261398308798521	1
('ENSG00000002016', 'ENSG00000134255')	0.7260629689316473	0
('ENSG00000000457', 'ENSG00000141084')	0.7259043267485412	0
('ENSG00000008083', 'ENSG00000136381')	0.7257297483242893	1
('ENSG00000000460', 'ENSG00000104626')	0.7257076694540909	1
('ENSG00000000457', 'ENSG00000214655')	0.7256939589378516	1
('ENSG00000005801', 'ENSG00000072756')	0.7256821795406958	0
('ENSG00000000457', 'ENSG00000116830')	0.7256668567663545	0
('ENSG00000004897', 'ENSG00000130449')	0.7256326677747235	0
('ENSG00000007047', 'ENSG00000143641')	0.7256024536889739	1
('ENSG00000002016', 'ENSG00000143641')	0.7253212967787573	0
('ENSG00000001629', 'ENSG00000156671')	0.7252974569493009	1
('ENSG00000008083', 'ENSG00000176783')	0.7250396048547174	1
('ENSG00000008735', 'ENSG00000114923')	0.7250251408423011	1
('ENSG00000001497', 'ENSG00000088038')	0.7249391750975631	1
('ENSG00000005889', 'ENSG00000068308')	0.7248884959332754	1
('ENSG00000008710', 'ENSG00000141084')	0.7247778948682874	1
('ENSG00000125870', 'ENSG00000147140')	0.7247234354878908	1
('ENSG00000000457', 'ENSG00000136381')	0.7246719575371879	1
('ENSG00000003509', 'ENSG00000108389')	0.7246109918741452	1
('ENSG00000147140', 'ENSG00000205937')	0.7244021598331556	1
('ENSG00000000457', 'ENSG00000139624')	0.7243584961700603	1
('ENSG00000004897', 'ENSG00000143641')	0.7243571948785776	1
('ENSG00000000457', 'ENSG00000147789')	0.7239410104173498	0
('ENSG00000001629', 'ENSG00000152422')	0.7239280534569014	0
('ENSG00000005469', 'ENSG00000100601')	0.7237089049181998	1
('ENSG00000002016', 'ENSG00000197008')	0.7236441421273411	1
('ENSG00000001629', 'ENSG00000166716')	0.7236169836844969	1
('ENSG00000006062', 'ENSG00000103222')	0.7235519386028794	0
('ENSG00000001497', 'ENSG00000075856')	0.7235059462530156	1
('ENSG00000002016', 'ENSG00000128654')	0.7232581124452157	1
('ENSG00000001629', 'ENSG00000047621')	0.7231767400542496	0
('ENSG00000005194', 'ENSG00000088356')	0.7230905470925907	0
('ENSG00000002016', 'ENSG00000108799')	0.7229900430892203	1
('ENSG00000006695', 'ENSG00000092140')	0.722977644040277	0
('ENSG00000143727', 'ENSG00000147140')	0.7228868402628764	0
('ENSG00000003756', 'ENSG00000103197')	0.7228355531504567	1
('ENSG00000008256', 'ENSG00000100601')	0.7228151970081889	1
('ENSG00000002016', 'ENSG00000144791')	0.7226140218894603	1
('ENSG00000007376', 'ENSG00000177963')	0.7225739281565815	0
('ENSG00000000457', 'ENSG00000173041')	0.7225000809151138	0
('ENSG00000000460', 'ENSG00000130997')	0.7223402534836549	1
('ENSG00000000460', 'ENSG00000196151')	0.7222821742108048	0
('ENSG00000006062', 'ENSG00000100601')	0.7221804951451359	1
('ENSG00000000457', 'ENSG00000105662')	0.7220051433270458	0
('ENSG00000002746', 'ENSG00000134376')	0.7217974443069217	0
('ENSG00000003096', 'ENSG00000105948')	0.7216696435401393	1
('ENSG00000005889', 'ENSG00000092140')	0.7216566928638184	0
('ENSG00000000457', 'ENSG00000103197')	0.7216374990249728	1
('ENSG00000004766', 'ENSG00000130449')	0.7215845414787867	0
('ENSG00000001629', 'ENSG00000153107')	0.7214651288823117	1
('ENSG00000005206', 'ENSG00000108389')	0.7213294639662929	1
('ENSG00000004534', 'ENSG00000166762')	0.721315885707855	0
('ENSG00000006837', 'ENSG00000148814')	0.7212644200912726	0
('ENSG00000000457', 'ENSG00000162227')	0.7212130714041002	0
('ENSG00000003509', 'ENSG00000162927')	0.7212034281247236	1
('ENSG00000000457', 'ENSG00000104957')	0.7211486523613899	0
('ENSG00000001629', 'ENSG00000133961')	0.7211388439920072	1
('ENSG00000008710', 'ENSG00000091127')	0.7210912788868598	1
('ENSG00000000457', 'ENSG00000121350')	0.721028493085347	0
('ENSG00000000457', 'ENSG00000136878')	0.7209998563991713	1
('ENSG00000002016', 'ENSG00000166881')	0.7209233779344043	1
('ENSG00000005075', 'ENSG00000126768')	0.7208239830251674	0
('ENSG00000001497', 'ENSG00000025770')	0.7208170835539304	0
('ENSG00000000457', 'ENSG00000171448')	0.7206725035025993	0
('ENSG00000005436', 'ENSG00000147905')	0.7206691279845786	1
('ENSG00000000457', 'ENSG00000162927')	0.7205801787516348	1
('ENSG00000000457', 'ENSG00000108389')	0.7205237233391962	1
('ENSG00000009830', 'ENSG00000141084')	0.720429648623258	1
('ENSG00000000457', 'ENSG00000125149')	0.7203027471986082	1
('ENSG00000001631', 'ENSG00000136381')	0.7202816828774913	1
('ENSG00000008086', 'ENSG00000100601')	0.7201737778998484	1
('ENSG00000000460', 'ENSG00000183475')	0.7201396448275246	1
('ENSG00000147140', 'ENSG00000166508')	0.7199640437523268	1
('ENSG00000001629', 'ENSG00000182389')	0.7199437503851327	1
('ENSG00000000938', 'ENSG00000076944')	0.7199009987613683	1
('ENSG00000000460', 'ENSG00000105948')	0.7198586944579457	1
('ENSG00000004139', 'ENSG00000197937')	0.7197424400318119	1
('ENSG00000001629', 'ENSG00000162927')	0.7197044766019429	1
('ENSG00000000457', 'ENSG00000153339')	0.7196927199582502	0
('ENSG00000000457', 'ENSG00000118961')	0.7195385592488512	0
('ENSG00000003756', 'ENSG00000176783')	0.7192272634347423	1
('ENSG00000001460', 'ENSG00000138286')	0.7191326769417463	1
('ENSG00000002746', 'ENSG00000169933')	0.7190838656388598	1
('ENSG00000004866', 'ENSG00000143641')	0.7186812734848484	0
('ENSG00000000460', 'ENSG00000114098')	0.718671893482857	0
('ENSG00000002016', 'ENSG00000003509')	0.7186474032298761	1
('ENSG00000001460', 'ENSG00000177054')	0.7185739472589633	1
('ENSG00000001497', 'ENSG00000065802')	0.7183291802265124	0
('ENSG00000000457', 'ENSG00000172273')	0.7182728862256812	1
('ENSG00000003393', 'ENSG00000130449')	0.7182495729337838	0
('ENSG00000001497', 'ENSG00000172273')	0.7182025689922689	1
('ENSG00000002016', 'ENSG00000112530')	0.7179442891120993	1
('ENSG00000001629', 'ENSG00000100601')	0.7178351767028758	1
('ENSG00000001461', 'ENSG00000197008')	0.7177580785383096	0
('ENSG00000001629', 'ENSG00000165525')	0.7177493557929181	1
('ENSG00000001497', 'ENSG00000167380')	0.7176613645061481	0
('ENSG00000002549', 'ENSG00000131446')	0.7176172973512673	1
('ENSG00000001629', 'ENSG00000117713')	0.7175882067259608	1
('ENSG00000006744', 'ENSG00000100029')	0.7175678244202023	1
('ENSG00000001629', 'ENSG00000180901')	0.7175614445230806	1
('ENSG00000001631', 'ENSG00000103197')	0.7175599566043901	1
('ENSG00000003393', 'ENSG00000176783')	0.7175396553465095	1
('ENSG00000003509', 'ENSG00000141084')	0.7174933295852722	1
('ENSG00000006634', 'ENSG00000112996')	0.7174737958043783	0
('ENSG00000007341', 'ENSG00000147905')	0.7174709653807807	1
('ENSG00000002016', 'ENSG00000092140')	0.7173492989732875	0
('ENSG00000004534', 'ENSG00000118961')	0.7172386316349852	0
('ENSG00000147140', 'ENSG00000186298')	0.7171945775230951	1
('ENSG00000000938', 'ENSG00000170605')	0.71713880086598	1
('ENSG00000000460', 'ENSG00000115145')	0.7169170886138393	0
('ENSG00000000457', 'ENSG00000010322')	0.7169039150505866	0
('ENSG00000004866', 'ENSG00000154263')	0.7168258046245092	0
('ENSG00000001629', 'ENSG00000112530')	0.7168030463991494	0
('ENSG00000003756', 'ENSG00000197302')	0.7167106844509566	1
('ENSG00000002016', 'ENSG00000139351')	0.7166066629901624	1
('ENSG00000004534', 'ENSG00000196663')	0.7166034567490871	0
('ENSG00000009413', 'ENSG00000147905')	0.716588287634729	1
('ENSG00000000003', 'ENSG00000115129')	0.716268584539768	0
('ENSG00000000457', 'ENSG00000114026')	0.7162498768736568	1
('ENSG00000004866', 'ENSG00000169946')	0.7161679648533827	1
('ENSG00000001629', 'ENSG00000132199')	0.716058975555342	0
('ENSG00000004487', 'ENSG00000100601')	0.7160091465191981	1
('ENSG00000004487', 'ENSG00000091127')	0.7158468806503352	1
('ENSG00000004487', 'ENSG00000180901')	0.7158378615188924	1
('ENSG00000008710', 'ENSG00000039123')	0.715817747757112	0
('ENSG00000002016', 'ENSG00000059691')	0.7157415684815187	1
('ENSG00000002016', 'ENSG00000130413')	0.7157253320090354	1
('ENSG00000001460', 'ENSG00000105948')	0.7156188140586638	1
('ENSG00000001629', 'ENSG00000147854')	0.7154645191971887	1
('ENSG00000001461', 'ENSG00000183495')	0.7154312393587763	0
('ENSG00000009844', 'ENSG00000039123')	0.7152954635046384	0
('ENSG00000000457', 'ENSG00000136861')	0.7152521937319927	1
('ENSG00000006695', 'ENSG00000091127')	0.7152331933747392	0
('ENSG00000007392', 'ENSG00000115464')	0.7151701905650213	0
('ENSG00000000457', 'ENSG00000162695')	0.7151011972206295	0
('ENSG00000007952', 'ENSG00000171195')	0.7150552006201717	1
('ENSG00000000457', 'ENSG00000125834')	0.7150531551384584	1
('ENSG00000001461', 'ENSG00000141699')	0.7149116167046233	0
('ENSG00000000457', 'ENSG00000253710')	0.7148736280742863	1
('ENSG00000004848', 'ENSG00000204983')	0.7148217251348081	1
('ENSG00000001629', 'ENSG00000144228')	0.7148037896313216	1
('ENSG00000001629', 'ENSG00000158296')	0.714701634374104	0
('ENSG00000004660', 'ENSG00000196663')	0.7146961739169211	0
('ENSG00000000938', 'ENSG00000168329')	0.7145690577341186	1
('ENSG00000005436', 'ENSG00000166762')	0.7145669609430453	0
('ENSG00000001497', 'ENSG00000136504')	0.7144647341397966	1
('ENSG00000000457', 'ENSG00000100372')	0.7144645812856024	0
('ENSG00000008083', 'ENSG00000147905')	0.7144613259117558	1
('ENSG00000000460', 'ENSG00000196715')	0.7144378480547438	1
('ENSG00000001629', 'ENSG00000092140')	0.7143020798857991	1
('ENSG00000007376', 'ENSG00000112996')	0.7142981227105952	0
('ENSG00000001497', 'ENSG00000105053')	0.7142163327490093	0
('ENSG00000007047', 'ENSG00000105948')	0.7142141675270715	1
('ENSG00000000460', 'ENSG00000148814')	0.7141499694699275	0
('ENSG00000005469', 'ENSG00000039123')	0.7141487464396261	1
('ENSG00000001631', 'ENSG00000092140')	0.7141289017448657	0
('ENSG00000006744', 'ENSG00000072756')	0.7141284289033765	1
('ENSG00000146731', 'ENSG00000147140')	0.7141043778369311	1
('ENSG00000001629', 'ENSG00000164941')	0.7139995612493735	1
('ENSG00000000457', 'ENSG00000163820')	0.7139593953140795	0
('ENSG00000028839', 'ENSG00000177963')	0.7137158243351599	1
('ENSG00000000457', 'ENSG00000274211')	0.7135469804380791	1
('ENSG00000006194', 'ENSG00000165819')	0.7134380009504774	1
('ENSG00000006062', 'ENSG00000182185')	0.7134152103219035	1
('ENSG00000000457', 'ENSG00000204920')	0.7133432807565051	0
('ENSG00000104897', 'ENSG00000147140')	0.7133410817584124	1
('ENSG00000001631', 'ENSG00000108799')	0.7132793348024968	1
('ENSG00000006607', 'ENSG00000214944')	0.7130458792401944	1
('ENSG00000001460', 'ENSG00000027001')	0.7129997745085943	0
('ENSG00000001497', 'ENSG00000112996')	0.7128826111792322	0
('ENSG00000000457', 'ENSG00000135457')	0.7128262843895647	0
('ENSG00000004142', 'ENSG00000100029')	0.7127798287581939	1
('ENSG00000000457', 'ENSG00000197937')	0.7126612648672902	0
('ENSG00000033011', 'ENSG00000100029')	0.7125610873986856	0
('ENSG00000000457', 'ENSG00000108799')	0.7125236467036354	0
('ENSG00000001629', 'ENSG00000198862')	0.7124950091260008	1
('ENSG00000025770', 'ENSG00000177963')	0.7124659451604906	1
('ENSG00000001497', 'ENSG00000108592')	0.7124531124284412	1
('ENSG00000000457', 'ENSG00000148925')	0.7123667323601393	0
('ENSG00000001631', 'ENSG00000141084')	0.712336405497261	1
('ENSG00000001460', 'ENSG00000140543')	0.7123228762624265	1
('ENSG00000004534', 'ENSG00000176783')	0.7122927827929308	0
('ENSG00000001629', 'ENSG00000151690')	0.7122259381568697	0
('ENSG00000000457', 'ENSG00000075856')	0.7121680496156179	0
('ENSG00000000457', 'ENSG00000100426')	0.7121541337092062	0
('ENSG00000004487', 'ENSG00000182185')	0.7121022371228718	1
('ENSG00000008086', 'ENSG00000197121')	0.7121000845445072	1
('ENSG00000004897', 'ENSG00000159086')	0.7120781269338716	1
('ENSG00000005436', 'ENSG00000148814')	0.7120546894039534	0
('ENSG00000003393', 'ENSG00000148814')	0.7118783318387847	0
('ENSG00000003393', 'ENSG00000143641')	0.7118615846989311	0
('ENSG00000004487', 'ENSG00000072415')	0.7116084975343213	1
('ENSG00000000460', 'ENSG00000132010')	0.7115626412346954	1
('ENSG00000006453', 'ENSG00000214944')	0.711558927890349	1
('ENSG00000006194', 'ENSG00000151876')	0.7114535117015295	1
('ENSG00000140350', 'ENSG00000147140')	0.71141770483178	1
('ENSG00000001631', 'ENSG00000152683')	0.7113058288658366	0
('ENSG00000006831', 'ENSG00000092140')	0.7112884454206623	0
('ENSG00000006194', 'ENSG00000197302')	0.7109685241260417	1
('ENSG00000005961', 'ENSG00000205639')	0.7109572236728144	1
('ENSG00000001167', 'ENSG00000139977')	0.7109533323821056	0
('ENSG00000001629', 'ENSG00000197081')	0.7108620739109589	1
('ENSG00000001629', 'ENSG00000112367')	0.7107581974456536	0
('ENSG00000000419', 'ENSG00000151465')	0.7107166486115851	0
('ENSG00000001167', 'ENSG00000166716')	0.710667877973823	1
('ENSG00000001497', 'ENSG00000165526')	0.7106589836814037	1
('ENSG00000000457', 'ENSG00000250312')	0.7105888500705815	0
('ENSG00000005206', 'ENSG00000103197')	0.710363148814509	1
('ENSG00000004897', 'ENSG00000169946')	0.7103500927984868	1
('ENSG00000000457', 'ENSG00000204152')	0.7102504943658735	1
('ENSG00000010072', 'ENSG00000112996')	0.710228489595697	1
('ENSG00000000460', 'ENSG00000126821')	0.7101910779167651	1
('ENSG00000000460', 'ENSG00000168781')	0.7101597725035571	0
('ENSG00000000457', 'ENSG00000171469')	0.7101218673052071	0
('ENSG00000001629', 'ENSG00000241058')	0.7099120649523866	1
('ENSG00000001497', 'ENSG00000119718')	0.7096645771096497	0
('ENSG00000003756', 'ENSG00000092140')	0.7096033858856587	1
('ENSG00000000460', 'ENSG00000129535')	0.70959213841735	1
('ENSG00000000457', 'ENSG00000176783')	0.7095818267961554	1
('ENSG00000000460', 'ENSG00000166716')	0.7095721364895361	1
('ENSG00000000457', 'ENSG00000039123')	0.7095125555633319	0
('ENSG00000007341', 'ENSG00000115464')	0.709499466417791	1
('ENSG00000000460', 'ENSG00000153339')	0.7094955788387827	0
('ENSG00000003509', 'ENSG00000167528')	0.7094655063138311	0
('ENSG00000001497', 'ENSG00000160993')	0.7094030628543119	0
('ENSG00000007923', 'ENSG00000148814')	0.7093009096778635	0
('ENSG00000147140', 'ENSG00000163468')	0.7092642766842413	1
('ENSG00000004897', 'ENSG00000162927')	0.7092609520495528	1
('ENSG00000004487', 'ENSG00000103197')	0.7092106734553958	1
('ENSG00000006530', 'ENSG00000072756')	0.7092079960888223	1
('ENSG00000004487', 'ENSG00000196663')	0.709203687198179	0
('ENSG00000002016', 'ENSG00000114999')	0.7091111893267451	1
('ENSG00000007541', 'ENSG00000148814')	0.7090736028730337	0
('ENSG00000004139', 'ENSG00000162927')	0.7090177253736352	1
('ENSG00000001629', 'ENSG00000169946')	0.7089267790460505	1
('ENSG00000005801', 'ENSG00000176715')	0.7088293279072665	0
('ENSG00000001497', 'ENSG00000100296')	0.7087045394459096	1
('ENSG00000008710', 'ENSG00000197121')	0.7087040251293067	1
('ENSG00000000457', 'ENSG00000115145')	0.7082483468113885	1
('ENSG00000147140', 'ENSG00000196591')	0.7081471168637158	1
('ENSG00000001460', 'ENSG00000125834')	0.7081317598809755	0
('ENSG00000000460', 'ENSG00000148925')	0.708058890823434	1
('ENSG00000009954', 'ENSG00000039123')	0.7078859063180766	1
('ENSG00000007047', 'ENSG00000147905')	0.7077969350238269	1
('ENSG00000003393', 'ENSG00000154263')	0.7075766384226104	1
('ENSG00000010072', 'ENSG00000177963')	0.7074863982677703	1
('ENSG00000001460', 'ENSG00000198556')	0.7073951820780521	1
('ENSG00000001629', 'ENSG00000071794')	0.7073378837584124	1
('ENSG00000004487', 'ENSG00000197937')	0.7073166472666397	1
('ENSG00000001460', 'ENSG00000171448')	0.7073029441825506	1
('ENSG00000100028', 'ENSG00000147140')	0.7072779852085348	1
('ENSG00000105202', 'ENSG00000147140')	0.7071190216092779	1
('ENSG00000008086', 'ENSG00000143641')	0.7070915028496982	1
('ENSG00000001629', 'ENSG00000131067')	0.707091154260457	0
('ENSG00000001497', 'ENSG00000105486')	0.7070663084615946	1
('ENSG00000000003', 'ENSG00000188010')	0.7069817153974117	0
('ENSG00000001461', 'ENSG00000165275')	0.7069565312965631	1
('ENSG00000002016', 'ENSG00000108389')	0.706870985880053	1
('ENSG00000001167', 'ENSG00000105793')	0.7068608385630041	0
('ENSG00000002016', 'ENSG00000155846')	0.7068190474228261	1
('ENSG00000002330', 'ENSG00000128463')	0.7066585873461414	1
('ENSG00000000457', 'ENSG00000101624')	0.706628087315743	0
('ENSG00000001167', 'ENSG00000107021')	0.7064828416677021	0
('ENSG00000001629', 'ENSG00000146021')	0.7062879225218744	1
('ENSG00000030110', 'ENSG00000177963')	0.7062190124130251	1
('ENSG00000001631', 'ENSG00000142687')	0.7062031691110255	0
('ENSG00000000938', 'ENSG00000204482')	0.7061995014585412	1
('ENSG00000001460', 'ENSG00000204920')	0.7060881729156091	1
('ENSG00000000457', 'ENSG00000197008')	0.7060526138056507	0
('ENSG00000007341', 'ENSG00000197121')	0.7060264665004549	1
('ENSG00000000457', 'ENSG00000197217')	0.7059535319512323	1
('ENSG00000004487', 'ENSG00000176783')	0.7059375773720588	1
('ENSG00000099817', 'ENSG00000147140')	0.7059107155594698	1
('ENSG00000001629', 'ENSG00000104447')	0.7059088187867549	1
('ENSG00000006740', 'ENSG00000197121')	0.7058993367026147	1
('ENSG00000001497', 'ENSG00000087263')	0.7057414140760259	0
('ENSG00000004139', 'ENSG00000182185')	0.7057048896066331	1
('ENSG00000000457', 'ENSG00000176715')	0.7056886496584241	1
('ENSG00000001461', 'ENSG00000151690')	0.7056416457296423	0
('ENSG00000001629', 'ENSG00000197008')	0.7053560162847672	1
('ENSG00000003509', 'ENSG00000103197')	0.7053450325565868	0
('ENSG00000105968', 'ENSG00000147140')	0.705327380047876	0
('ENSG00000128951', 'ENSG00000147140')	0.7053206578582113	1
('ENSG00000000460', 'ENSG00000173041')	0.7052029178911068	1
('ENSG00000008086', 'ENSG00000039123')	0.705180405613373	0
('ENSG00000008256', 'ENSG00000039123')	0.7051646973322456	0
('ENSG00000002016', 'ENSG00000115464')	0.7050422192303084	1
('ENSG00000001629', 'ENSG00000146535')	0.7048968730822645	1
('ENSG00000000457', 'ENSG00000177054')	0.7048020075995807	0
('ENSG00000001460', 'ENSG00000137992')	0.7047714298363947	0
('ENSG00000004846', 'ENSG00000127423')	0.7046224278733302	0
('ENSG00000001460', 'ENSG00000100601')	0.7046044151985618	1
('ENSG00000001460', 'ENSG00000184271')	0.7045490393569747	1
('ENSG00000010219', 'ENSG00000155868')	0.7045145890067357	1
('ENSG00000000460', 'ENSG00000120159')	0.704357498207538	1
('ENSG00000000457', 'ENSG00000166181')	0.7043554478428153	0
('ENSG00000000460', 'ENSG00000125834')	0.7043532945423371	0
('ENSG00000000419', 'ENSG00000115233')	0.7043314926552681	1
('ENSG00000001629', 'ENSG00000169891')	0.7042626813865136	0
('ENSG00000001629', 'ENSG00000241878')	0.7042449270906351	1
('ENSG00000001460', 'ENSG00000132010')	0.7041762677632253	1
('ENSG00000004487', 'ENSG00000143641')	0.7041385663300049	1
('ENSG00000001460', 'ENSG00000180901')	0.7039812907172898	1
('ENSG00000001460', 'ENSG00000137171')	0.7038956361511672	0
('ENSG00000001167', 'ENSG00000164941')	0.7038464501755827	1
('ENSG00000005469', 'ENSG00000103197')	0.7037359294771319	1
('ENSG00000001460', 'ENSG00000131697')	0.7037011914839791	1
('ENSG00000000460', 'ENSG00000180901')	0.7036983471790311	0
('ENSG00000000457', 'ENSG00000179532')	0.7036820747780985	0
('ENSG00000004897', 'ENSG00000197937')	0.7035798664993874	1
('ENSG00000147140', 'ENSG00000167088')	0.7035755645743591	1
('ENSG00000005801', 'ENSG00000136381')	0.7035473380608442	1
('ENSG00000000938', 'ENSG00000163131')	0.7035182117920433	1
